seq,label_code_proposed,label_description,description_source,label_pk,label_pk_source,instruments,status
1,XNY01,ACPM_XVA_NY,operator 2026-09-30 (screenshot; G10NY confirmed with a zero) - verify against the data-lake book label,,"BOX FE team, when the label is created (fixed PK)",ALL approved (plus the dummy row per instrument),to check with Q-10f; create via skill set-up-book-labels if absent
2,XNY02,ALCO,operator 2026-09-30 (screenshot; G10NY confirmed with a zero) - verify against the data-lake book label,,"BOX FE team, when the label is created (fixed PK)",ALL approved (plus the dummy row per instrument),to check with Q-10f; create via skill set-up-book-labels if absent
3,XNY03,CDS Desk,operator 2026-09-30 (screenshot; G10NY confirmed with a zero) - verify against the data-lake book label,,"BOX FE team, when the label is created (fixed PK)",ALL approved (plus the dummy row per instrument),to check with Q-10f; create via skill set-up-book-labels if absent
4,XNY04,CDSHDG,operator 2026-09-30 (screenshot; G10NY confirmed with a zero) - verify against the data-lake book label,,"BOX FE team, when the label is created (fixed PK)",ALL approved (plus the dummy row per instrument),to check with Q-10f; create via skill set-up-book-labels if absent
5,XNY05,CORATE,operator 2026-09-30 (screenshot; G10NY confirmed with a zero) - verify against the data-lake book label,,"BOX FE team, when the label is created (fixed PK)",ALL approved (plus the dummy row per instrument),to check with Q-10f; create via skill set-up-book-labels if absent
6,XNY06,CORATEBB,operator 2026-09-30 (screenshot; G10NY confirmed with a zero) - verify against the data-lake book label,,"BOX FE team, when the label is created (fixed PK)",ALL approved (plus the dummy row per instrument),to check with Q-10f; create via skill set-up-book-labels if absent
7,XNY07,FX,operator 2026-09-30 (screenshot; G10NY confirmed with a zero) - verify against the data-lake book label,,"BOX FE team, when the label is created (fixed PK)",ALL approved (plus the dummy row per instrument),to check with Q-10f; create via skill set-up-book-labels if absent
8,XNY08,G10NY,operator 2026-09-30 (screenshot; G10NY confirmed with a zero) - verify against the data-lake book label,,"BOX FE team, when the label is created (fixed PK)",ALL approved (plus the dummy row per instrument),to check with Q-10f; create via skill set-up-book-labels if absent
9,XNY09,HOMOLOGACION,operator 2026-09-30 (screenshot; G10NY confirmed with a zero) - verify against the data-lake book label,,"BOX FE team, when the label is created (fixed PK)",ALL approved (plus the dummy row per instrument),to check with Q-10f; create via skill set-up-book-labels if absent
10,XNY10,LATAM,operator 2026-09-30 (screenshot; G10NY confirmed with a zero) - verify against the data-lake book label,,"BOX FE team, when the label is created (fixed PK)",ALL approved (plus the dummy row per instrument),to check with Q-10f; create via skill set-up-book-labels if absent
11,XNY11,LEVERAGE FINANCE BB,operator 2026-09-30 (screenshot; G10NY confirmed with a zero) - verify against the data-lake book label,,"BOX FE team, when the label is created (fixed PK)",ALL approved (plus the dummy row per instrument),to check with Q-10f; create via skill set-up-book-labels if absent
12,XNY12,LEVERAGE FINANCE TB,operator 2026-09-30 (screenshot; G10NY confirmed with a zero) - verify against the data-lake book label,,"BOX FE team, when the label is created (fixed PK)",ALL approved (plus the dummy row per instrument),to check with Q-10f; create via skill set-up-book-labels if absent
13,XNY13,LOAN HTCS BB,operator 2026-09-30 (screenshot; G10NY confirmed with a zero) - verify against the data-lake book label,,"BOX FE team, when the label is created (fixed PK)",ALL approved (plus the dummy row per instrument),to check with Q-10f; create via skill set-up-book-labels if absent
14,XNY14,NO DESK APPLICABLE,operator 2026-09-30 (screenshot; G10NY confirmed with a zero) - verify against the data-lake book label,,"BOX FE team, when the label is created (fixed PK)",ALL approved (plus the dummy row per instrument),to check with Q-10f; create via skill set-up-book-labels if absent
15,XNY15,REPRES,operator 2026-09-30 (screenshot; G10NY confirmed with a zero) - verify against the data-lake book label,,"BOX FE team, when the label is created (fixed PK)",ALL approved (plus the dummy row per instrument),to check with Q-10f; create via skill set-up-book-labels if absent
16,XNY16,RPAs NYB,operator 2026-09-30 (screenshot; G10NY confirmed with a zero) - verify against the data-lake book label,,"BOX FE team, when the label is created (fixed PK)",ALL approved (plus the dummy row per instrument),to check with Q-10f; create via skill set-up-book-labels if absent
17,XNY17,STMNY,operator 2026-09-30 (screenshot; G10NY confirmed with a zero) - verify against the data-lake book label,,"BOX FE team, when the label is created (fixed PK)",ALL approved (plus the dummy row per instrument),to check with Q-10f; create via skill set-up-book-labels if absent
18,XNY18,TOLCBR,operator 2026-09-30 (screenshot; G10NY confirmed with a zero) - verify against the data-lake book label,,"BOX FE team, when the label is created (fixed PK)",ALL approved (plus the dummy row per instrument),to check with Q-10f; create via skill set-up-book-labels if absent
19,XNY19,TOLCCH,operator 2026-09-30 (screenshot; G10NY confirmed with a zero) - verify against the data-lake book label,,"BOX FE team, when the label is created (fixed PK)",ALL approved (plus the dummy row per instrument),to check with Q-10f; create via skill set-up-book-labels if absent
20,XNY20,TOLCMX,operator 2026-09-30 (screenshot; G10NY confirmed with a zero) - verify against the data-lake book label,,"BOX FE team, when the label is created (fixed PK)",ALL approved (plus the dummy row per instrument),to check with Q-10f; create via skill set-up-book-labels if absent
21,XNY21,TOLIRV,operator 2026-09-30 (screenshot; G10NY confirmed with a zero) - verify against the data-lake book label,,"BOX FE team, when the label is created (fixed PK)",ALL approved (plus the dummy row per instrument),to check with Q-10f; create via skill set-up-book-labels if absent
22,XNY22,TOLUSD,operator 2026-09-30 (screenshot; G10NY confirmed with a zero) - verify against the data-lake book label,,"BOX FE team, when the label is created (fixed PK)",ALL approved (plus the dummy row per instrument),to check with Q-10f; create via skill set-up-book-labels if absent
