field,raw_table,raw_column,alias_table,owner_obj,extension,source,note,evidence
source system,deal,SOURCESYSTEM,PGT_STC.T_PGT_OBJSRC_INPUT_S,1341.4,110862.4,577.4,LAKE GCB,"p_Import_Deal_Data (PKG_FE_DEAL_CALCULATION, operator screenshot 2026-10-09); c_Deal 018-pkg_fe_datadeal_load_body.sql r0.0.49"
folder,deal,FOLDER,PGT_TRD.T_PGT_OBJ_SOURCE_S,1453.4,10513.4,279.4,GER; the folder's FK_BRANCH must be the target branch,"c_Deal r0.0.49; Folder Alias tab query (operator, 2026-10-09)"
portfolio mirror,deal,PORTFOLIO_MIRROR,PGT_TRD.T_PGT_OBJ_SOURCE_S,1453.4,10513.4,279.4,same as folder,c_Deal r0.0.49
counterparty,deal,COUNTERPARTY,PGT_TRD.T_PGT_OBJ_SOURCE_S,1448.4,10485.4,20.4,GLCS-Global,c_Deal r0.0.49
currency,deal,CURRENCY,PGT_TRD.T_PGT_OBJ_SOURCE_S,1382.4,10206.4,20.4,,c_Deal r0.0.49
currency 2,deal,CURRENCY2,PGT_TRD.T_PGT_OBJ_SOURCE_S,1382.4,10206.4,20.4,,c_Deal r0.0.49
instrument,deal,INSTRUMENT,PGT_TRD.T_PGT_OBJ_SOURCE_S,1395.4,10243.4,586.4,BOX,c_Deal r0.0.49
calendar (flows),flow,CALENDAR,PGT_TRD.T_PGT_OBJ_SOURCE_S,1413.4,10312.4,,source = the source system row's FK_PARENT - the query lists the sources found,c_Deal r0.0.49
floating rate (flows),flow,QUOTEREFINDEX,PGT_TRD.T_PGT_OBJ_SOURCE_S,12077.4,30543.4,,source not read - the query lists the sources found,c_Deal r0.0.49
rate basis (flows),flow,BASIS,PGT_TRD.T_PGT_OBJ_SOURCE_S,1404.4,10275.4,,source not read - the query lists the sources found,c_Deal r0.0.49
