product,area,role,gbo_table,gbo_column,box_table,box_column,kind,tol_abs,tol_rel,status,note
depos,deal,table,DEVENG.T_PGT_MMDATAMIS_S,,BOX_FE.T_BOX_DATADEAL_S,,,,,INFERRED,"BOX table confirmed (one shared Deal Data table, sigom-reference.md); GBO code MM inferred from BOX's - confirm"
depos,deal,filter,,,,INSTRUMENT = 'Loan / Depos',,,,INFERRED,BOX's shared table: this product's rows (column INFERRED)
depos,deal,key,,<ask>,,<ask>,text,,,OPEN,the column holding the same trade id on both sides (e.g. the Murex contract / FRONT_ID)
depos,deal,date,,<ask>,,<ask>,date,,,OPEN,the process date column
depos,financial,table,DEVENG.T_PGT_MMFINANCST_S,,BOX_FE.T_BOX_MMFINANCST_S,,,,,INFERRED,the one row that maps cleanly (box-data-model.md); GBO code inferred - confirm
depos,financial,key,,<ask>,,<ask>,text,,,OPEN,the column holding the same trade id on both sides (e.g. the Murex contract / FRONT_ID)
depos,financial,date,,<ask>,,<ask>,date,,,OPEN,the process date column
depos,mtm,table,DEVENG.T_PGT_MMRISK_S,,BOX_FE.V_BOX_ENGMMDATAMIS_S,,,,,INFERRED,"GBO MtM = the RISK table, BOX MtM = the view; functional equivalence open (box-data-model.md)"
depos,mtm,key,,<ask>,,<ask>,text,,,OPEN,the column holding the same trade id on both sides (e.g. the Murex contract / FRONT_ID)
depos,mtm,date,,<ask>,,<ask>,date,,,OPEN,the process date column
irs,deal,table,DEVENG.T_PGT_IRDATAMIS_S,,BOX_FE.T_BOX_DATADEAL_S,,,,,INFERRED,"BOX table confirmed (one shared Deal Data table, sigom-reference.md); GBO code IR inferred from BOX's - confirm"
irs,deal,filter,,,,INSTRUMENT = 'IRS',,,,INFERRED,BOX's shared table: this product's rows (column INFERRED)
irs,deal,key,,<ask>,,<ask>,text,,,OPEN,the column holding the same trade id on both sides (e.g. the Murex contract / FRONT_ID)
irs,deal,date,,<ask>,,<ask>,date,,,OPEN,the process date column
irs,financial,table,DEVENG.T_PGT_IRFINANCST_S,,BOX_FE.T_BOX_IRFINANCST_S,,,,,INFERRED,the one row that maps cleanly (box-data-model.md); GBO code inferred - confirm
irs,financial,key,,<ask>,,<ask>,text,,,OPEN,the column holding the same trade id on both sides (e.g. the Murex contract / FRONT_ID)
irs,financial,date,,<ask>,,<ask>,date,,,OPEN,the process date column
irs,mtm,table,DEVENG.T_PGT_IRRISK_S,,BOX_FE.V_BOX_ENGIRDATAMIS_S,,,,,INFERRED,"GBO MtM = the RISK table, BOX MtM = the view; functional equivalence open (box-data-model.md)"
irs,mtm,key,,<ask>,,<ask>,text,,,OPEN,the column holding the same trade id on both sides (e.g. the Murex contract / FRONT_ID)
irs,mtm,date,,<ask>,,<ask>,date,,,OPEN,the process date column
ccs,deal,table,DEVENG.T_PGT_CCSDATAMIS_S,,BOX_FE.T_BOX_DATADEAL_S,,,,,INFERRED,"BOX table confirmed (one shared Deal Data table, sigom-reference.md); GBO code CCS inferred from BOX's - confirm"
ccs,deal,filter,,,,INSTRUMENT = 'Currency Swap',,,,INFERRED,BOX's shared table: this product's rows (column INFERRED)
ccs,deal,key,,<ask>,,<ask>,text,,,OPEN,the column holding the same trade id on both sides (e.g. the Murex contract / FRONT_ID)
ccs,deal,date,,<ask>,,<ask>,date,,,OPEN,the process date column
ccs,financial,table,DEVENG.T_PGT_CCSFINANCST_S,,BOX_FE.T_BOX_CCSFINANCST_S,,,,,INFERRED,the one row that maps cleanly (box-data-model.md); GBO code inferred - confirm
ccs,financial,key,,<ask>,,<ask>,text,,,OPEN,the column holding the same trade id on both sides (e.g. the Murex contract / FRONT_ID)
ccs,financial,date,,<ask>,,<ask>,date,,,OPEN,the process date column
ccs,mtm,table,DEVENG.T_PGT_CCSRISK_S,,BOX_FE.V_BOX_ENGCCSDATAMIS_S,,,,,INFERRED,"GBO MtM = the RISK table, BOX MtM = the view; functional equivalence open (box-data-model.md)"
ccs,mtm,key,,<ask>,,<ask>,text,,,OPEN,the column holding the same trade id on both sides (e.g. the Murex contract / FRONT_ID)
ccs,mtm,date,,<ask>,,<ask>,date,,,OPEN,the process date column
otc,deal,table,DEVENG.T_PGT_OTCDATAMIS_S,,BOX_FE.T_BOX_DATADEAL_S,,,,,INFERRED,"BOX table confirmed (one shared Deal Data table, sigom-reference.md); GBO code OTC inferred from BOX's - confirm"
otc,deal,filter,,,,INSTRUMENT = 'OTC',,,,INFERRED,BOX's shared table: this product's rows (column INFERRED)
otc,deal,key,,<ask>,,<ask>,text,,,OPEN,the column holding the same trade id on both sides (e.g. the Murex contract / FRONT_ID)
otc,deal,date,,<ask>,,<ask>,date,,,OPEN,the process date column
otc,financial,table,DEVENG.T_PGT_OTCFINANCST_S,,BOX_FE.T_BOX_OTCFINANCST_S,,,,,INFERRED,the one row that maps cleanly (box-data-model.md); GBO code inferred - confirm
otc,financial,key,,<ask>,,<ask>,text,,,OPEN,the column holding the same trade id on both sides (e.g. the Murex contract / FRONT_ID)
otc,financial,date,,<ask>,,<ask>,date,,,OPEN,the process date column
otc,mtm,table,DEVENG.T_PGT_OTCRISK_S,,BOX_FE.V_BOX_ENGOTCDATAMIS_S,,,,,INFERRED,"GBO MtM = the RISK table, BOX MtM = the view; functional equivalence open (box-data-model.md)"
otc,mtm,key,,<ask>,,<ask>,text,,,OPEN,the column holding the same trade id on both sides (e.g. the Murex contract / FRONT_ID)
otc,mtm,date,,<ask>,,<ask>,date,,,OPEN,the process date column
cap,deal,table,DEVENG.T_PGT_CFDATAMIS_S,,BOX_FE.T_BOX_DATADEAL_S,,,,,INFERRED,"BOX table confirmed (one shared Deal Data table, sigom-reference.md); GBO code CF inferred from BOX's - confirm"
cap,deal,filter,,,,INSTRUMENT = 'Cap and Floor',,,,INFERRED,BOX's shared table: this product's rows (column INFERRED)
cap,deal,key,,<ask>,,<ask>,text,,,OPEN,the column holding the same trade id on both sides (e.g. the Murex contract / FRONT_ID)
cap,deal,date,,<ask>,,<ask>,date,,,OPEN,the process date column
cap,financial,table,DEVENG.T_PGT_CFFINANCST_S,,BOX_FE.T_BOX_CFFINANCST_S,,,,,INFERRED,the one row that maps cleanly (box-data-model.md); GBO code inferred - confirm
cap,financial,key,,<ask>,,<ask>,text,,,OPEN,the column holding the same trade id on both sides (e.g. the Murex contract / FRONT_ID)
cap,financial,date,,<ask>,,<ask>,date,,,OPEN,the process date column
cap,mtm,table,DEVENG.T_PGT_CFRISK_S,,BOX_FE.V_BOX_ENGCFDATAMIS_S,,,,,INFERRED,"GBO MtM = the RISK table, BOX MtM = the view; functional equivalence open (box-data-model.md)"
cap,mtm,key,,<ask>,,<ask>,text,,,OPEN,the column holding the same trade id on both sides (e.g. the Murex contract / FRONT_ID)
cap,mtm,date,,<ask>,,<ask>,date,,,OPEN,the process date column
